{
    "classes": [
        {
            "className": "UniTrace",
            "object": true,
            "qualifiedClassName": "UniTrace",
            "signals": [
                {
                    "access": "public",
                    "arguments": [
                        {
                            "name": "text",
                            "type": "QString"
                        }
                    ],
                    "name": "printSignal",
                    "returnType": "void"
                },
                {
                    "access": "public",
                    "arguments": [
                        {
                            "name": "logicChannel",
                            "type": "qint32"
                        },
                        {
                            "name": "regName",
                            "type": "QString"
                        },
                        {
                            "name": "regAddress",
                            "type": "QString"
                        },
                        {
                            "name": "nodeId",
                            "type": "QString"
                        },
                        {
                            "name": "uartId",
                            "type": "QString"
                        },
                        {
                            "name": "len",
                            "type": "QString"
                        },
                        {
                            "name": "offset",
                            "type": "QString"
                        }
                    ],
                    "name": "sendRcrsSignal",
                    "returnType": "void"
                },
                {
                    "access": "public",
                    "arguments": [
                        {
                            "name": "logicChannel",
                            "type": "qint32"
                        },
                        {
                            "name": "valueType",
                            "type": "QString"
                        },
                        {
                            "name": "nameReg",
                            "type": "QString"
                        },
                        {
                            "name": "sentValue",
                            "type": "QString"
                        },
                        {
                            "name": "regAddress",
                            "type": "QString"
                        },
                        {
                            "name": "nodeId",
                            "type": "QString"
                        },
                        {
                            "name": "uartId",
                            "type": "QString"
                        },
                        {
                            "name": "len",
                            "type": "QString"
                        },
                        {
                            "name": "offset",
                            "type": "QString"
                        },
                        {
                            "name": "mulValue",
                            "type": "QString"
                        }
                    ],
                    "name": "sendScrsSignal",
                    "returnType": "void"
                },
                {
                    "access": "public",
                    "arguments": [
                        {
                            "name": "regName",
                            "type": "QString"
                        },
                        {
                            "name": "data",
                            "type": "QString"
                        },
                        {
                            "name": "status",
                            "type": "bool"
                        }
                    ],
                    "name": "readHandler",
                    "returnType": "void"
                }
            ],
            "slots": [
                {
                    "access": "public",
                    "arguments": [
                        {
                            "name": "text",
                            "type": "QString"
                        }
                    ],
                    "name": "print",
                    "returnType": "void"
                },
                {
                    "access": "public",
                    "arguments": [
                        {
                            "name": "milisec",
                            "type": "int"
                        }
                    ],
                    "name": "wait",
                    "returnType": "void"
                },
                {
                    "access": "public",
                    "arguments": [
                        {
                            "name": "milisec",
                            "type": "int"
                        }
                    ],
                    "name": "waitLast",
                    "returnType": "void"
                },
                {
                    "access": "public",
                    "arguments": [
                        {
                            "name": "regName",
                            "type": "QString"
                        },
                        {
                            "name": "data",
                            "type": "QString"
                        }
                    ],
                    "name": "write",
                    "returnType": "void"
                },
                {
                    "access": "public",
                    "arguments": [
                        {
                            "name": "regName",
                            "type": "QString"
                        }
                    ],
                    "name": "read",
                    "returnType": "void"
                },
                {
                    "access": "public",
                    "arguments": [
                        {
                            "name": "regName",
                            "type": "QString"
                        }
                    ],
                    "name": "readMem",
                    "returnType": "QString"
                },
                {
                    "access": "public",
                    "arguments": [
                        {
                            "name": "text",
                            "type": "QString"
                        }
                    ],
                    "name": "retError",
                    "returnType": "void"
                },
                {
                    "access": "public",
                    "arguments": [
                        {
                            "name": "text",
                            "type": "QString"
                        }
                    ],
                    "name": "retWarning",
                    "returnType": "void"
                },
                {
                    "access": "public",
                    "arguments": [
                        {
                            "name": "source",
                            "type": "QString"
                        }
                    ],
                    "name": "setSource",
                    "returnType": "void"
                },
                {
                    "access": "public",
                    "arguments": [
                        {
                            "name": "name",
                            "type": "QString"
                        },
                        {
                            "name": "data",
                            "type": "QString"
                        }
                    ],
                    "name": "saveData",
                    "returnType": "void"
                },
                {
                    "access": "public",
                    "arguments": [
                        {
                            "name": "regName",
                            "type": "QString"
                        },
                        {
                            "name": "data",
                            "type": "QString"
                        },
                        {
                            "name": "status",
                            "type": "bool"
                        }
                    ],
                    "name": "readDataToMem",
                    "returnType": "void"
                },
                {
                    "access": "public",
                    "name": "timeoutData",
                    "returnType": "void"
                }
            ],
            "superClasses": [
                {
                    "access": "public",
                    "name": "QObject"
                },
                {
                    "access": "public",
                    "name": "QScriptable"
                }
            ]
        },
        {
            "className": "JavaScripting",
            "object": true,
            "qualifiedClassName": "JavaScripting",
            "signals": [
                {
                    "access": "public",
                    "arguments": [
                        {
                            "name": "text",
                            "type": "QString"
                        }
                    ],
                    "name": "printReport",
                    "returnType": "void"
                },
                {
                    "access": "public",
                    "arguments": [
                        {
                            "name": "logicChannel",
                            "type": "qint32"
                        },
                        {
                            "name": "regName",
                            "type": "QString"
                        },
                        {
                            "name": "regAddress",
                            "type": "QString"
                        },
                        {
                            "name": "nodeId",
                            "type": "QString"
                        },
                        {
                            "name": "uartId",
                            "type": "QString"
                        },
                        {
                            "name": "len",
                            "type": "QString"
                        },
                        {
                            "name": "offset",
                            "type": "QString"
                        }
                    ],
                    "name": "sendRcrsSignal",
                    "returnType": "void"
                },
                {
                    "access": "public",
                    "arguments": [
                        {
                            "name": "logicChannel",
                            "type": "qint32"
                        },
                        {
                            "name": "valueType",
                            "type": "QString"
                        },
                        {
                            "name": "nameReg",
                            "type": "QString"
                        },
                        {
                            "name": "sentValue",
                            "type": "QString"
                        },
                        {
                            "name": "regAddress",
                            "type": "QString"
                        },
                        {
                            "name": "nodeId",
                            "type": "QString"
                        },
                        {
                            "name": "uartId",
                            "type": "QString"
                        },
                        {
                            "name": "len",
                            "type": "QString"
                        },
                        {
                            "name": "offset",
                            "type": "QString"
                        },
                        {
                            "name": "mulValue",
                            "type": "QString"
                        }
                    ],
                    "name": "sendScrsSignal",
                    "returnType": "void"
                },
                {
                    "access": "public",
                    "arguments": [
                        {
                            "name": "regName",
                            "type": "QString"
                        },
                        {
                            "name": "data",
                            "type": "QString"
                        },
                        {
                            "name": "status",
                            "type": "bool"
                        }
                    ],
                    "name": "readHandler",
                    "returnType": "void"
                },
                {
                    "access": "public",
                    "arguments": [
                        {
                            "name": "name",
                            "type": "qint32"
                        },
                        {
                            "name": "page",
                            "type": "qint32"
                        },
                        {
                            "name": "status",
                            "type": "bool"
                        }
                    ],
                    "name": "endScriptSuccess",
                    "returnType": "void"
                }
            ],
            "slots": [
                {
                    "access": "public",
                    "arguments": [
                        {
                            "name": "name",
                            "type": "QString"
                        },
                        {
                            "name": "page",
                            "type": "QString"
                        },
                        {
                            "name": "script",
                            "type": "QString"
                        }
                    ],
                    "name": "runJScriptSlot",
                    "returnType": "void"
                },
                {
                    "access": "public",
                    "arguments": [
                        {
                            "name": "text",
                            "type": "QString"
                        }
                    ],
                    "name": "print",
                    "returnType": "void"
                },
                {
                    "access": "public",
                    "arguments": [
                        {
                            "name": "logicChannel",
                            "type": "qint32"
                        },
                        {
                            "name": "regName",
                            "type": "QString"
                        },
                        {
                            "name": "regAddress",
                            "type": "QString"
                        },
                        {
                            "name": "nodeId",
                            "type": "QString"
                        },
                        {
                            "name": "uartId",
                            "type": "QString"
                        },
                        {
                            "name": "len",
                            "type": "QString"
                        },
                        {
                            "name": "offset",
                            "type": "QString"
                        }
                    ],
                    "name": "sendRcrsSlot",
                    "returnType": "void"
                },
                {
                    "access": "public",
                    "arguments": [
                        {
                            "name": "logicChannel",
                            "type": "qint32"
                        },
                        {
                            "name": "valueType",
                            "type": "QString"
                        },
                        {
                            "name": "nameReg",
                            "type": "QString"
                        },
                        {
                            "name": "sentValue",
                            "type": "QString"
                        },
                        {
                            "name": "regAddress",
                            "type": "QString"
                        },
                        {
                            "name": "nodeId",
                            "type": "QString"
                        },
                        {
                            "name": "uartId",
                            "type": "QString"
                        },
                        {
                            "name": "len",
                            "type": "QString"
                        },
                        {
                            "name": "offset",
                            "type": "QString"
                        },
                        {
                            "name": "mulValue",
                            "type": "QString"
                        }
                    ],
                    "name": "sendScrsSlot",
                    "returnType": "void"
                },
                {
                    "access": "public",
                    "arguments": [
                        {
                            "name": "adamPacekt",
                            "type": "DATA_UART_ADAM_PACKET*"
                        }
                    ],
                    "name": "readAdamData",
                    "returnType": "void"
                },
                {
                    "access": "public",
                    "arguments": [
                        {
                            "name": "modBusPacket",
                            "type": "MODBUS_RX_STRUCT*"
                        },
                        {
                            "name": "logicChannel",
                            "type": "QString"
                        }
                    ],
                    "name": "readModbusData",
                    "returnType": "void"
                },
                {
                    "access": "public",
                    "arguments": [
                        {
                            "name": "SCPIdata",
                            "type": "QString"
                        },
                        {
                            "name": "logicChannel",
                            "type": "QString"
                        },
                        {
                            "name": "regName",
                            "type": "QString"
                        }
                    ],
                    "name": "readSCPIData",
                    "returnType": "void"
                }
            ],
            "superClasses": [
                {
                    "access": "public",
                    "name": "QObject"
                }
            ]
        }
    ],
    "inputFile": "javascripting.h",
    "outputRevision": 67
}
