{
    "classes": [
        {
            "className": "UserLayoutData",
            "object": true,
            "qualifiedClassName": "UserLayoutData",
            "signals": [
                {
                    "access": "public",
                    "arguments": [
                        {
                            "name": "typeOf",
                            "type": "QString"
                        },
                        {
                            "name": "x",
                            "type": "qint32"
                        },
                        {
                            "name": "y",
                            "type": "qint32"
                        },
                        {
                            "name": "width",
                            "type": "qint32"
                        },
                        {
                            "name": "height",
                            "type": "qint32"
                        },
                        {
                            "name": "regName",
                            "type": "QString"
                        },
                        {
                            "name": "function",
                            "type": "QString"
                        },
                        {
                            "name": "label",
                            "type": "QString"
                        },
                        {
                            "name": "value",
                            "type": "QString"
                        },
                        {
                            "name": "cnt",
                            "type": "qint32"
                        }
                    ],
                    "name": "addToLayoutList",
                    "returnType": "void"
                },
                {
                    "access": "public",
                    "name": "layoutComplited",
                    "returnType": "void"
                },
                {
                    "access": "public",
                    "arguments": [
                        {
                            "name": "point",
                            "type": "qint32"
                        }
                    ],
                    "name": "deleteToLayoutList",
                    "returnType": "void"
                },
                {
                    "access": "public",
                    "arguments": [
                        {
                            "name": "point",
                            "type": "qint32"
                        },
                        {
                            "name": "label",
                            "type": "QString"
                        },
                        {
                            "name": "width",
                            "type": "qint32"
                        }
                    ],
                    "name": "refreshObj",
                    "returnType": "void"
                },
                {
                    "access": "public",
                    "arguments": [
                        {
                            "name": "x",
                            "type": "qint32"
                        },
                        {
                            "name": "y",
                            "type": "qint32"
                        },
                        {
                            "name": "height",
                            "type": "qint32"
                        },
                        {
                            "name": "width",
                            "type": "qint32"
                        }
                    ],
                    "name": "changeXYproperty",
                    "returnType": "void"
                },
                {
                    "access": "public",
                    "arguments": [
                        {
                            "name": "point",
                            "type": "qint32"
                        },
                        {
                            "name": "regName",
                            "type": "QString"
                        },
                        {
                            "name": "row",
                            "type": "qint32"
                        },
                        {
                            "name": "col",
                            "type": "qint32"
                        },
                        {
                            "name": "data",
                            "type": "QString"
                        }
                    ],
                    "name": "changeSeqValueSignal",
                    "returnType": "void"
                },
                {
                    "access": "public",
                    "arguments": [
                        {
                            "name": "page",
                            "type": "qint32"
                        },
                        {
                            "name": "point",
                            "type": "qint32"
                        },
                        {
                            "name": "regName",
                            "type": "QString"
                        }
                    ],
                    "name": "getSelReg",
                    "returnType": "void"
                },
                {
                    "access": "public",
                    "arguments": [
                        {
                            "name": "logicChannel",
                            "type": "qint32"
                        },
                        {
                            "name": "regName",
                            "type": "QString"
                        },
                        {
                            "name": "regAddress",
                            "type": "QString"
                        },
                        {
                            "name": "nodeId",
                            "type": "QString"
                        },
                        {
                            "name": "uartId",
                            "type": "QString"
                        },
                        {
                            "name": "len",
                            "type": "QString"
                        },
                        {
                            "name": "offset",
                            "type": "QString"
                        }
                    ],
                    "name": "sendRCRS",
                    "returnType": "void"
                },
                {
                    "access": "public",
                    "arguments": [
                        {
                            "name": "logicChannel",
                            "type": "qint32"
                        },
                        {
                            "name": "valueType",
                            "type": "QString"
                        },
                        {
                            "name": "nameReg",
                            "type": "QString"
                        },
                        {
                            "name": "sentValue",
                            "type": "QString"
                        },
                        {
                            "name": "regAddress",
                            "type": "QString"
                        },
                        {
                            "name": "nodeId",
                            "type": "QString"
                        },
                        {
                            "name": "uartId",
                            "type": "QString"
                        },
                        {
                            "name": "len",
                            "type": "QString"
                        },
                        {
                            "name": "offset",
                            "type": "QString"
                        },
                        {
                            "name": "mulValue",
                            "type": "QString"
                        }
                    ],
                    "name": "sendSCRS",
                    "returnType": "void"
                },
                {
                    "access": "public",
                    "arguments": [
                        {
                            "name": "point",
                            "type": "qint32"
                        },
                        {
                            "name": "page",
                            "type": "qint32"
                        },
                        {
                            "name": "regValue",
                            "type": "QString"
                        }
                    ],
                    "name": "printReg",
                    "returnType": "void"
                },
                {
                    "access": "public",
                    "arguments": [
                        {
                            "name": "page",
                            "type": "qint32"
                        },
                        {
                            "name": "regValue",
                            "type": "QString"
                        }
                    ],
                    "name": "printRegName",
                    "returnType": "void"
                },
                {
                    "access": "public",
                    "arguments": [
                        {
                            "name": "txtData",
                            "type": "QString"
                        },
                        {
                            "name": "src",
                            "type": "qint32"
                        }
                    ],
                    "name": "printToTerminal",
                    "returnType": "void"
                },
                {
                    "access": "public",
                    "arguments": [
                        {
                            "name": "page",
                            "type": "qint32"
                        },
                        {
                            "name": "point",
                            "type": "qint32"
                        },
                        {
                            "name": "funct",
                            "type": "QString"
                        },
                        {
                            "name": "regName",
                            "type": "QString"
                        }
                    ],
                    "name": "getFunctSignal",
                    "returnType": "void"
                },
                {
                    "access": "public",
                    "arguments": [
                        {
                            "name": "reg",
                            "type": "QString"
                        },
                        {
                            "name": "page",
                            "type": "qint32"
                        },
                        {
                            "name": "funct",
                            "type": "QString"
                        },
                        {
                            "name": "num",
                            "type": "qint32"
                        },
                        {
                            "name": "point",
                            "type": "qint32"
                        }
                    ],
                    "name": "getFunctRegSignal",
                    "returnType": "void"
                },
                {
                    "access": "public",
                    "arguments": [
                        {
                            "name": "page",
                            "type": "qint32"
                        },
                        {
                            "name": "point",
                            "type": "qint32"
                        },
                        {
                            "name": "regName",
                            "type": "QString"
                        },
                        {
                            "name": "dataType",
                            "type": "QString"
                        }
                    ],
                    "name": "getDataTypeSignal",
                    "returnType": "void"
                },
                {
                    "access": "public",
                    "arguments": [
                        {
                            "name": "reg",
                            "type": "QString"
                        },
                        {
                            "name": "page",
                            "type": "qint32"
                        },
                        {
                            "name": "point",
                            "type": "qint32"
                        },
                        {
                            "name": "len",
                            "type": "qint32"
                        }
                    ],
                    "name": "getNoModifLenSignal",
                    "returnType": "void"
                },
                {
                    "access": "public",
                    "arguments": [
                        {
                            "name": "reg",
                            "type": "QString"
                        },
                        {
                            "name": "page",
                            "type": "qint32"
                        },
                        {
                            "name": "len",
                            "type": "qint32"
                        },
                        {
                            "name": "point",
                            "type": "qint32"
                        }
                    ],
                    "name": "getLenSignal",
                    "returnType": "void"
                },
                {
                    "access": "public",
                    "arguments": [
                        {
                            "name": "reg",
                            "type": "QString"
                        },
                        {
                            "name": "page",
                            "type": "qint32"
                        },
                        {
                            "name": "min",
                            "type": "qint32"
                        },
                        {
                            "name": "max",
                            "type": "qint32"
                        },
                        {
                            "name": "point",
                            "type": "qint32"
                        }
                    ],
                    "name": "getRangeSignal",
                    "returnType": "void"
                },
                {
                    "access": "public",
                    "arguments": [
                        {
                            "name": "page",
                            "type": "qint32"
                        },
                        {
                            "name": "path",
                            "type": "QString"
                        }
                    ],
                    "name": "getBckImageSignal",
                    "returnType": "void"
                },
                {
                    "access": "public",
                    "arguments": [
                        {
                            "name": "name",
                            "type": "QString"
                        },
                        {
                            "name": "page",
                            "type": "qint32"
                        }
                    ],
                    "name": "addLayoutPage",
                    "returnType": "void"
                }
            ],
            "slots": [
                {
                    "access": "public",
                    "arguments": [
                        {
                            "name": "typeOf",
                            "type": "QString"
                        },
                        {
                            "name": "x",
                            "type": "qint32"
                        },
                        {
                            "name": "y",
                            "type": "qint32"
                        },
                        {
                            "name": "width",
                            "type": "qint32"
                        },
                        {
                            "name": "height",
                            "type": "qint32"
                        },
                        {
                            "name": "regName",
                            "type": "QString"
                        },
                        {
                            "name": "label",
                            "type": "QString"
                        },
                        {
                            "name": "function",
                            "type": "QString"
                        },
                        {
                            "name": "value",
                            "type": "QString"
                        }
                    ],
                    "name": "addFromLayoutList",
                    "returnType": "void"
                },
                {
                    "access": "public",
                    "arguments": [
                        {
                            "name": "point",
                            "type": "qint32"
                        }
                    ],
                    "name": "deleteFromLayoutList",
                    "returnType": "void"
                },
                {
                    "access": "public",
                    "arguments": [
                        {
                            "name": "point",
                            "type": "qint32"
                        },
                        {
                            "name": "typeOf",
                            "type": "QString"
                        },
                        {
                            "name": "x",
                            "type": "qint32"
                        },
                        {
                            "name": "y",
                            "type": "qint32"
                        }
                    ],
                    "name": "changeXYCoordinateList",
                    "returnType": "void"
                },
                {
                    "access": "public",
                    "arguments": [
                        {
                            "name": "point",
                            "type": "qint32"
                        },
                        {
                            "name": "typeOf",
                            "type": "QString"
                        },
                        {
                            "name": "width",
                            "type": "qint32"
                        }
                    ],
                    "name": "changeWidth",
                    "returnType": "void"
                },
                {
                    "access": "public",
                    "arguments": [
                        {
                            "name": "point",
                            "type": "qint32"
                        },
                        {
                            "name": "typeOf",
                            "type": "QString"
                        },
                        {
                            "name": "height",
                            "type": "qint32"
                        }
                    ],
                    "name": "changeHeight",
                    "returnType": "void"
                },
                {
                    "access": "public",
                    "arguments": [
                        {
                            "name": "point",
                            "type": "qint32"
                        },
                        {
                            "name": "typeOf",
                            "type": "QString"
                        },
                        {
                            "name": "label",
                            "type": "QString"
                        }
                    ],
                    "name": "changeLabel",
                    "returnType": "void"
                },
                {
                    "access": "public",
                    "arguments": [
                        {
                            "name": "point",
                            "type": "qint32"
                        },
                        {
                            "name": "typeOf",
                            "type": "QString"
                        },
                        {
                            "name": "value",
                            "type": "QString"
                        }
                    ],
                    "name": "changeValue",
                    "returnType": "void"
                },
                {
                    "access": "public",
                    "arguments": [
                        {
                            "name": "point",
                            "type": "qint32"
                        },
                        {
                            "name": "typeOf",
                            "type": "QString"
                        },
                        {
                            "name": "function",
                            "type": "QString"
                        }
                    ],
                    "name": "changeFunction",
                    "returnType": "void"
                },
                {
                    "access": "public",
                    "arguments": [
                        {
                            "name": "point",
                            "type": "qint32"
                        },
                        {
                            "name": "typeOf",
                            "type": "QString"
                        },
                        {
                            "name": "regName",
                            "type": "QString"
                        }
                    ],
                    "name": "changeRegName",
                    "returnType": "void"
                },
                {
                    "access": "public",
                    "arguments": [
                        {
                            "name": "page",
                            "type": "qint32"
                        },
                        {
                            "name": "path",
                            "type": "QString"
                        }
                    ],
                    "name": "changeBckImage",
                    "returnType": "void"
                },
                {
                    "access": "public",
                    "arguments": [
                        {
                            "name": "page",
                            "type": "qint32"
                        },
                        {
                            "name": "point",
                            "type": "qint32"
                        },
                        {
                            "name": "regName",
                            "type": "QString"
                        }
                    ],
                    "name": "changeSeqReg",
                    "returnType": "void"
                },
                {
                    "access": "public",
                    "arguments": [
                        {
                            "name": "page",
                            "type": "qint32"
                        },
                        {
                            "name": "point",
                            "type": "qint32"
                        },
                        {
                            "name": "regName",
                            "type": "QString"
                        }
                    ],
                    "name": "addSeqRow",
                    "returnType": "void"
                },
                {
                    "access": "public",
                    "arguments": [
                        {
                            "name": "page",
                            "type": "qint32"
                        },
                        {
                            "name": "point",
                            "type": "qint32"
                        },
                        {
                            "name": "regName",
                            "type": "QString"
                        }
                    ],
                    "name": "delSeqRow",
                    "returnType": "void"
                },
                {
                    "access": "public",
                    "arguments": [
                        {
                            "name": "page",
                            "type": "qint32"
                        },
                        {
                            "name": "point",
                            "type": "qint32"
                        },
                        {
                            "name": "regName",
                            "type": "QString"
                        }
                    ],
                    "name": "delSeqAll",
                    "returnType": "void"
                },
                {
                    "access": "public",
                    "arguments": [
                        {
                            "name": "page",
                            "type": "qint32"
                        },
                        {
                            "name": "point",
                            "type": "qint32"
                        },
                        {
                            "name": "regName",
                            "type": "QString"
                        },
                        {
                            "name": "row",
                            "type": "qint32"
                        },
                        {
                            "name": "col",
                            "type": "qint32"
                        },
                        {
                            "name": "data",
                            "type": "QString"
                        }
                    ],
                    "name": "changeSeqValue",
                    "returnType": "void"
                },
                {
                    "access": "public",
                    "arguments": [
                        {
                            "name": "page",
                            "type": "qint32"
                        },
                        {
                            "name": "point",
                            "type": "qint32"
                        },
                        {
                            "name": "regName",
                            "type": "QString"
                        }
                    ],
                    "name": "restoreSeqValue",
                    "returnType": "void"
                },
                {
                    "access": "public",
                    "arguments": [
                        {
                            "name": "page",
                            "type": "qint32"
                        },
                        {
                            "name": "point",
                            "type": "qint32"
                        },
                        {
                            "name": "regName",
                            "type": "QString"
                        },
                        {
                            "name": "fileSource",
                            "type": "QString"
                        }
                    ],
                    "name": "saveSeqToFile",
                    "returnType": "void"
                },
                {
                    "access": "public",
                    "arguments": [
                        {
                            "name": "page",
                            "type": "qint32"
                        },
                        {
                            "name": "point",
                            "type": "qint32"
                        },
                        {
                            "name": "regName",
                            "type": "QString"
                        },
                        {
                            "name": "fileSource",
                            "type": "QString"
                        }
                    ],
                    "name": "loadSeqToFile",
                    "returnType": "void"
                },
                {
                    "access": "public",
                    "arguments": [
                        {
                            "name": "page",
                            "type": "qint32"
                        },
                        {
                            "name": "path",
                            "type": "QString"
                        }
                    ],
                    "name": "loadImageBck",
                    "returnType": "void"
                },
                {
                    "access": "public",
                    "arguments": [
                        {
                            "name": "page",
                            "type": "qint32"
                        }
                    ],
                    "name": "loadPage",
                    "returnType": "void"
                },
                {
                    "access": "public",
                    "arguments": [
                        {
                            "name": "page",
                            "type": "qint32"
                        },
                        {
                            "name": "point",
                            "type": "qint32"
                        },
                        {
                            "name": "item",
                            "type": "DataViewItem*"
                        }
                    ],
                    "name": "retSelReg",
                    "returnType": "void"
                },
                {
                    "access": "public",
                    "arguments": [
                        {
                            "name": "page",
                            "type": "qint32"
                        },
                        {
                            "name": "point",
                            "type": "qint32"
                        }
                    ],
                    "name": "readReg",
                    "returnType": "void"
                },
                {
                    "access": "public",
                    "arguments": [
                        {
                            "name": "page",
                            "type": "qint32"
                        },
                        {
                            "name": "point",
                            "type": "qint32"
                        },
                        {
                            "name": "data",
                            "type": "QString"
                        }
                    ],
                    "name": "writeReg",
                    "returnType": "void"
                },
                {
                    "access": "public",
                    "arguments": [
                        {
                            "name": "adamPacekt",
                            "type": "DATA_UART_ADAM_PACKET*"
                        }
                    ],
                    "name": "setAdamReg",
                    "returnType": "void"
                },
                {
                    "access": "public",
                    "arguments": [
                        {
                            "name": "modBusPacket",
                            "type": "MODBUS_RX_STRUCT*"
                        },
                        {
                            "name": "logicChannel",
                            "type": "QString"
                        }
                    ],
                    "name": "setModBusReg",
                    "returnType": "void"
                },
                {
                    "access": "public",
                    "arguments": [
                        {
                            "name": "SCPIdata",
                            "type": "QString"
                        },
                        {
                            "name": "logicChannel",
                            "type": "QString"
                        },
                        {
                            "name": "regName",
                            "type": "QString"
                        }
                    ],
                    "name": "setSCPIReg",
                    "returnType": "void"
                },
                {
                    "access": "public",
                    "arguments": [
                        {
                            "name": "inData",
                            "type": "QByteArray"
                        },
                        {
                            "name": "src",
                            "type": "qint32"
                        }
                    ],
                    "name": "setDataToTerminal",
                    "returnType": "void"
                },
                {
                    "access": "public",
                    "arguments": [
                        {
                            "name": "point",
                            "type": "qint32"
                        },
                        {
                            "name": "page",
                            "type": "qint32"
                        },
                        {
                            "name": "regName",
                            "type": "QString"
                        }
                    ],
                    "name": "getFunctSlot",
                    "returnType": "void"
                },
                {
                    "access": "public",
                    "arguments": [
                        {
                            "name": "page",
                            "type": "qint32"
                        },
                        {
                            "name": "regName",
                            "type": "QString"
                        },
                        {
                            "name": "point",
                            "type": "qint32"
                        }
                    ],
                    "name": "getFunctRegSlot",
                    "returnType": "void"
                },
                {
                    "access": "public",
                    "arguments": [
                        {
                            "name": "point",
                            "type": "qint32"
                        },
                        {
                            "name": "page",
                            "type": "qint32"
                        },
                        {
                            "name": "regName",
                            "type": "QString"
                        }
                    ],
                    "name": "getDataType",
                    "returnType": "void"
                },
                {
                    "access": "public",
                    "arguments": [
                        {
                            "name": "page",
                            "type": "qint32"
                        },
                        {
                            "name": "point",
                            "type": "qint32"
                        },
                        {
                            "name": "regName",
                            "type": "QString"
                        }
                    ],
                    "name": "getNoModifLenSlot",
                    "returnType": "void"
                },
                {
                    "access": "public",
                    "arguments": [
                        {
                            "name": "page",
                            "type": "qint32"
                        },
                        {
                            "name": "regName",
                            "type": "QString"
                        },
                        {
                            "name": "point",
                            "type": "qint32"
                        }
                    ],
                    "name": "getLenSlot",
                    "returnType": "void"
                },
                {
                    "access": "public",
                    "arguments": [
                        {
                            "name": "page",
                            "type": "qint32"
                        },
                        {
                            "name": "regName",
                            "type": "QString"
                        },
                        {
                            "name": "point",
                            "type": "qint32"
                        }
                    ],
                    "name": "getRangeSlot",
                    "returnType": "void"
                },
                {
                    "access": "public",
                    "arguments": [
                        {
                            "name": "page",
                            "type": "qint32"
                        }
                    ],
                    "name": "getBckImageSlot",
                    "returnType": "void"
                },
                {
                    "access": "public",
                    "arguments": [
                        {
                            "name": "fileSource",
                            "type": "QString"
                        },
                        {
                            "name": "page",
                            "type": "qint32"
                        }
                    ],
                    "name": "saveLayoutItemToFile",
                    "returnType": "void"
                },
                {
                    "access": "public",
                    "arguments": [
                        {
                            "name": "fileSource",
                            "type": "QString"
                        },
                        {
                            "name": "page",
                            "type": "qint32"
                        }
                    ],
                    "name": "loadLayoutItemToFile",
                    "returnType": "void"
                },
                {
                    "access": "public",
                    "name": "closeAll",
                    "returnType": "void"
                },
                {
                    "access": "public",
                    "name": "clearPage0",
                    "returnType": "void"
                }
            ],
            "superClasses": [
                {
                    "access": "public",
                    "name": "QObject"
                }
            ]
        }
    ],
    "inputFile": "userlayoutdata.h",
    "outputRevision": 67
}
