{
    "classes": [
        {
            "className": "common",
            "object": true,
            "qualifiedClassName": "common",
            "signals": [
                {
                    "access": "public",
                    "arguments": [
                        {
                            "name": "fileSource",
                            "type": "QString"
                        }
                    ],
                    "name": "saveDataModel",
                    "returnType": "void"
                },
                {
                    "access": "public",
                    "arguments": [
                        {
                            "name": "fileSource",
                            "type": "QString"
                        },
                        {
                            "name": "page",
                            "type": "qint32"
                        }
                    ],
                    "name": "saveDataLayout",
                    "returnType": "void"
                },
                {
                    "access": "public",
                    "arguments": [
                        {
                            "name": "fileSource",
                            "type": "QString"
                        }
                    ],
                    "name": "saveDataLC",
                    "returnType": "void"
                },
                {
                    "access": "public",
                    "arguments": [
                        {
                            "name": "fileSource",
                            "type": "QString"
                        },
                        {
                            "name": "logicChannel",
                            "type": "QString"
                        },
                        {
                            "name": "protocol",
                            "type": "QString"
                        },
                        {
                            "name": "openProject",
                            "type": "bool"
                        }
                    ],
                    "name": "loadDataModel",
                    "returnType": "void"
                },
                {
                    "access": "public",
                    "arguments": [
                        {
                            "name": "fileSource",
                            "type": "QString"
                        },
                        {
                            "name": "page",
                            "type": "qint32"
                        }
                    ],
                    "name": "loadDataLayout",
                    "returnType": "void"
                },
                {
                    "access": "public",
                    "arguments": [
                        {
                            "name": "fileSource",
                            "type": "QString"
                        }
                    ],
                    "name": "loadLC",
                    "returnType": "void"
                },
                {
                    "access": "public",
                    "arguments": [
                        {
                            "name": "page",
                            "type": "qint32"
                        },
                        {
                            "name": "path",
                            "type": "QString"
                        }
                    ],
                    "name": "loadImageBck",
                    "returnType": "void"
                },
                {
                    "access": "public",
                    "arguments": [
                        {
                            "name": "deleteAll",
                            "type": "bool"
                        }
                    ],
                    "name": "closeDataModel",
                    "returnType": "void"
                },
                {
                    "access": "public",
                    "name": "closeLayout",
                    "returnType": "void"
                },
                {
                    "access": "public",
                    "name": "closeAllButton",
                    "returnType": "void"
                },
                {
                    "access": "public",
                    "name": "closeAllSerial",
                    "returnType": "void"
                },
                {
                    "access": "public",
                    "arguments": [
                        {
                            "name": "fileSource",
                            "type": "QString"
                        },
                        {
                            "name": "name",
                            "type": "QString"
                        }
                    ],
                    "name": "recentLoadProj",
                    "returnType": "void"
                },
                {
                    "access": "public",
                    "arguments": [
                        {
                            "name": "info",
                            "type": "QString"
                        }
                    ],
                    "name": "printInfoSignal",
                    "returnType": "void"
                },
                {
                    "access": "public",
                    "arguments": [
                        {
                            "name": "info",
                            "type": "QString"
                        }
                    ],
                    "name": "printProjectSignal",
                    "returnType": "void"
                },
                {
                    "access": "public",
                    "name": "connectionSettingClickSignal",
                    "returnType": "void"
                },
                {
                    "access": "public",
                    "name": "createProtocolClickSignal",
                    "returnType": "void"
                },
                {
                    "access": "public",
                    "name": "modelSettingClickSignal",
                    "returnType": "void"
                },
                {
                    "access": "public",
                    "name": "newProjectClickSignal",
                    "returnType": "void"
                }
            ],
            "slots": [
                {
                    "access": "public",
                    "arguments": [
                        {
                            "name": "fileSource",
                            "type": "QString"
                        }
                    ],
                    "name": "saveProject",
                    "returnType": "void"
                },
                {
                    "access": "public",
                    "arguments": [
                        {
                            "name": "fileSource",
                            "type": "QString"
                        }
                    ],
                    "name": "loadProject",
                    "returnType": "void"
                },
                {
                    "access": "public",
                    "name": "closeProject",
                    "returnType": "void"
                },
                {
                    "access": "public",
                    "name": "getLastLoadedProject",
                    "returnType": "void"
                },
                {
                    "access": "public",
                    "arguments": [
                        {
                            "name": "info",
                            "type": "QString"
                        }
                    ],
                    "name": "printInfo",
                    "returnType": "void"
                },
                {
                    "access": "public",
                    "arguments": [
                        {
                            "name": "project",
                            "type": "QString"
                        }
                    ],
                    "name": "printProject",
                    "returnType": "void"
                },
                {
                    "access": "public",
                    "name": "connectionSettingClickSlot",
                    "returnType": "void"
                },
                {
                    "access": "public",
                    "name": "createProtocolClickSlot",
                    "returnType": "void"
                },
                {
                    "access": "public",
                    "name": "modelSettingClickSlot",
                    "returnType": "void"
                },
                {
                    "access": "public",
                    "name": "newProjectClickSlot",
                    "returnType": "void"
                }
            ],
            "superClasses": [
                {
                    "access": "public",
                    "name": "QObject"
                }
            ]
        }
    ],
    "inputFile": "common.h",
    "outputRevision": 67
}
