{
    "classes": [
        {
            "className": "TreeViewModel",
            "object": true,
            "qualifiedClassName": "TreeViewModel",
            "signals": [
                {
                    "access": "public",
                    "arguments": [
                        {
                            "name": "filtString",
                            "type": "QString"
                        },
                        {
                            "name": "addToFilter",
                            "type": "bool"
                        }
                    ],
                    "name": "filterSignal",
                    "returnType": "void"
                },
                {
                    "access": "public",
                    "arguments": [
                        {
                            "name": "index",
                            "type": "QModelIndex"
                        }
                    ],
                    "name": "expandChild",
                    "returnType": "void"
                },
                {
                    "access": "public",
                    "arguments": [
                        {
                            "name": "index",
                            "type": "QModelIndex"
                        }
                    ],
                    "name": "colapsChild",
                    "returnType": "void"
                },
                {
                    "access": "public",
                    "name": "cleanModel",
                    "returnType": "void"
                }
            ],
            "slots": [
                {
                    "access": "public",
                    "arguments": [
                        {
                            "name": "group",
                            "type": "QVector<GroupViewItem>*"
                        }
                    ],
                    "name": "insertGroup",
                    "returnType": "void"
                },
                {
                    "access": "public",
                    "arguments": [
                        {
                            "name": "index0",
                            "type": "QModelIndex"
                        },
                        {
                            "name": "index1",
                            "type": "QModelIndex"
                        },
                        {
                            "name": "index2",
                            "type": "QModelIndex"
                        },
                        {
                            "name": "index3",
                            "type": "QModelIndex"
                        },
                        {
                            "name": "checked",
                            "type": "bool"
                        }
                    ],
                    "name": "filterSelected",
                    "returnType": "void"
                },
                {
                    "access": "public",
                    "arguments": [
                        {
                            "name": "expand",
                            "type": "bool"
                        }
                    ],
                    "name": "expandSlot",
                    "returnType": "void"
                }
            ],
            "superClasses": [
                {
                    "access": "public",
                    "name": "QStandardItemModel"
                }
            ]
        }
    ],
    "inputFile": "treeviewmodel.h",
    "outputRevision": 67
}
