{
    "classes": [
        {
            "className": "TextCharFormat",
            "object": true,
            "properties": [
                {
                    "constant": false,
                    "designable": true,
                    "final": false,
                    "name": "font",
                    "notify": "fontChanged",
                    "read": "font",
                    "required": false,
                    "scriptable": true,
                    "stored": true,
                    "type": "QFont",
                    "user": false,
                    "write": "setFont"
                },
                {
                    "constant": false,
                    "designable": true,
                    "final": false,
                    "name": "foreground",
                    "notify": "foregroundChanged",
                    "read": "foreground",
                    "required": false,
                    "scriptable": true,
                    "stored": true,
                    "type": "QVariant",
                    "user": false,
                    "write": "setForeground"
                }
            ],
            "qualifiedClassName": "TextCharFormat",
            "signals": [
                {
                    "access": "public",
                    "name": "fontChanged",
                    "returnType": "void"
                },
                {
                    "access": "public",
                    "name": "foregroundChanged",
                    "returnType": "void"
                }
            ],
            "superClasses": [
                {
                    "access": "public",
                    "name": "QObject"
                },
                {
                    "access": "public",
                    "name": "QTextCharFormat"
                }
            ]
        },
        {
            "className": "SyntaxHighlighter",
            "methods": [
                {
                    "access": "public",
                    "arguments": [
                        {
                            "name": "start",
                            "type": "int"
                        },
                        {
                            "name": "count",
                            "type": "int"
                        },
                        {
                            "name": "format",
                            "type": "QVariant"
                        }
                    ],
                    "name": "setFormat",
                    "returnType": "void"
                }
            ],
            "object": true,
            "properties": [
                {
                    "constant": false,
                    "designable": true,
                    "final": false,
                    "name": "textDocument",
                    "notify": "textDocumentChanged",
                    "read": "textDocument",
                    "required": false,
                    "scriptable": true,
                    "stored": true,
                    "type": "QQuickTextDocument*",
                    "user": false,
                    "write": "setTextDocument"
                }
            ],
            "qualifiedClassName": "SyntaxHighlighter",
            "signals": [
                {
                    "access": "public",
                    "name": "textDocumentChanged",
                    "returnType": "void"
                },
                {
                    "access": "public",
                    "arguments": [
                        {
                            "name": "text",
                            "type": "QVariant"
                        }
                    ],
                    "name": "highlightBlock",
                    "returnType": "void"
                }
            ],
            "superClasses": [
                {
                    "access": "public",
                    "name": "QSyntaxHighlighter"
                }
            ]
        },
        {
            "className": "codeLayer",
            "object": true,
            "qualifiedClassName": "codeLayer",
            "signals": [
                {
                    "access": "public",
                    "arguments": [
                        {
                            "name": "page",
                            "type": "qint32"
                        },
                        {
                            "name": "line",
                            "type": "qint32"
                        },
                        {
                            "name": "code",
                            "type": "QString"
                        },
                        {
                            "name": "type",
                            "type": "qint32"
                        }
                    ],
                    "name": "addLineToCodeLayout",
                    "returnType": "void"
                },
                {
                    "access": "public",
                    "arguments": [
                        {
                            "name": "maxLine",
                            "type": "qint32"
                        }
                    ],
                    "name": "reloadCodeDesigne",
                    "returnType": "void"
                }
            ],
            "slots": [
                {
                    "access": "public",
                    "arguments": [
                        {
                            "name": "page",
                            "type": "qint32"
                        },
                        {
                            "name": "line",
                            "type": "qint32"
                        },
                        {
                            "name": "type",
                            "type": "qint32"
                        }
                    ],
                    "name": "addLineToLayerSlot",
                    "returnType": "void"
                },
                {
                    "access": "public",
                    "arguments": [
                        {
                            "name": "page",
                            "type": "qint32"
                        },
                        {
                            "name": "line",
                            "type": "qint32"
                        },
                        {
                            "name": "code",
                            "type": "QString"
                        }
                    ],
                    "name": "addTextToLineSlot",
                    "returnType": "void"
                },
                {
                    "access": "public",
                    "arguments": [
                        {
                            "name": "page",
                            "type": "qint32"
                        },
                        {
                            "name": "line",
                            "type": "qint32"
                        }
                    ],
                    "name": "deleteLineFromLayerSlot",
                    "returnType": "void"
                },
                {
                    "access": "public",
                    "arguments": [
                        {
                            "name": "page",
                            "type": "qint32"
                        }
                    ],
                    "name": "loadCodePageSlot",
                    "returnType": "void"
                },
                {
                    "access": "public",
                    "arguments": [
                        {
                            "name": "fileSource",
                            "type": "QString"
                        },
                        {
                            "name": "page",
                            "type": "qint32"
                        }
                    ],
                    "name": "saveCodeLayer",
                    "returnType": "void"
                },
                {
                    "access": "public",
                    "arguments": [
                        {
                            "name": "fileSource",
                            "type": "QString"
                        },
                        {
                            "name": "page",
                            "type": "qint32"
                        }
                    ],
                    "name": "loadCodeLayer",
                    "returnType": "void"
                }
            ],
            "superClasses": [
                {
                    "access": "public",
                    "name": "QObject"
                }
            ]
        }
    ],
    "inputFile": "codelayer.h",
    "outputRevision": 67
}
