{
    "classes": [
        {
            "className": "SerialThread",
            "object": true,
            "qualifiedClassName": "SerialThread",
            "signals": [
                {
                    "access": "public",
                    "arguments": [
                        {
                            "name": "outString",
                            "type": "QStringList"
                        }
                    ],
                    "name": "printPortNameSignal",
                    "returnType": "void"
                },
                {
                    "access": "public",
                    "arguments": [
                        {
                            "name": "logicChannel",
                            "type": "qint32"
                        },
                        {
                            "name": "avaiblePort",
                            "type": "bool"
                        }
                    ],
                    "name": "printPortAvaible",
                    "returnType": "void"
                },
                {
                    "access": "public",
                    "arguments": [
                        {
                            "name": "logicChannel",
                            "type": "QString"
                        }
                    ],
                    "name": "addSerialLCSignal",
                    "returnType": "void"
                },
                {
                    "access": "public",
                    "name": "cleanRxTerminalSignal",
                    "returnType": "void"
                },
                {
                    "access": "public",
                    "arguments": [
                        {
                            "name": "inString",
                            "type": "QString"
                        }
                    ],
                    "name": "printDataSignal",
                    "returnType": "void"
                },
                {
                    "access": "public",
                    "arguments": [
                        {
                            "name": "inData",
                            "type": "QByteArray"
                        },
                        {
                            "name": "src",
                            "type": "qint32"
                        }
                    ],
                    "name": "printDataByte",
                    "returnType": "void"
                },
                {
                    "access": "public",
                    "arguments": [
                        {
                            "name": "protocol",
                            "type": "qint32"
                        }
                    ],
                    "name": "getProtocolSignal",
                    "returnType": "void"
                },
                {
                    "access": "public",
                    "arguments": [
                        {
                            "name": "rcv_data",
                            "type": "DATA_UART_ADAM_PACKET*"
                        }
                    ],
                    "name": "recievedAdamMsg",
                    "returnType": "void"
                },
                {
                    "access": "public",
                    "arguments": [
                        {
                            "name": "rcv_data",
                            "type": "MODBUS_RX_STRUCT*"
                        },
                        {
                            "name": "logicChannel",
                            "type": "QString"
                        }
                    ],
                    "name": "recievedModBusMsg",
                    "returnType": "void"
                },
                {
                    "access": "public",
                    "arguments": [
                        {
                            "name": "SCPIdata",
                            "type": "QString"
                        },
                        {
                            "name": "logicChannel",
                            "type": "QString"
                        },
                        {
                            "name": "regName",
                            "type": "QString"
                        }
                    ],
                    "name": "recievedSCPIMsg",
                    "returnType": "void"
                },
                {
                    "access": "public",
                    "arguments": [
                        {
                            "name": "numOfSerial",
                            "type": "qint32"
                        }
                    ],
                    "name": "getNumOfSerialSignal",
                    "returnType": "void"
                },
                {
                    "access": "public",
                    "arguments": [
                        {
                            "name": "numOfSerial",
                            "type": "qint32"
                        },
                        {
                            "name": "fileName",
                            "type": "QString"
                        },
                        {
                            "name": "baudRate",
                            "type": "qint32"
                        },
                        {
                            "name": "dataLenght",
                            "type": "qint32"
                        },
                        {
                            "name": "parity",
                            "type": "qint32"
                        },
                        {
                            "name": "stopBit",
                            "type": "qint32"
                        },
                        {
                            "name": "bufferSize",
                            "type": "qint32"
                        },
                        {
                            "name": "protocol",
                            "type": "qint32"
                        },
                        {
                            "name": "modbusTimeout",
                            "type": "qint32"
                        }
                    ],
                    "name": "getInfoOfSerialSignal",
                    "returnType": "void"
                },
                {
                    "access": "public",
                    "arguments": [
                        {
                            "name": "logicChannel",
                            "type": "QString"
                        },
                        {
                            "name": "protocol",
                            "type": "QString"
                        }
                    ],
                    "name": "editItemProtocolChanged",
                    "returnType": "void"
                },
                {
                    "access": "public",
                    "arguments": [
                        {
                            "name": "dataIn",
                            "type": "QString"
                        }
                    ],
                    "name": "getStringDataInSignal",
                    "returnType": "void"
                },
                {
                    "access": "public",
                    "arguments": [
                        {
                            "name": "lastData",
                            "type": "QString"
                        }
                    ],
                    "name": "getTermLastMsgSignal",
                    "returnType": "void"
                }
            ],
            "slots": [
                {
                    "access": "public",
                    "arguments": [
                        {
                            "name": "logicChannel",
                            "type": "qint32"
                        },
                        {
                            "name": "portName",
                            "type": "QString"
                        },
                        {
                            "name": "baudRate",
                            "type": "qint32"
                        },
                        {
                            "name": "dataLenght",
                            "type": "qint32"
                        },
                        {
                            "name": "parity",
                            "type": "qint32"
                        },
                        {
                            "name": "stopBit",
                            "type": "qint32"
                        },
                        {
                            "name": "bufferSize",
                            "type": "qint32"
                        }
                    ],
                    "name": "addSlots",
                    "returnType": "void"
                },
                {
                    "access": "public",
                    "arguments": [
                        {
                            "name": "logicChannel",
                            "type": "qint32"
                        },
                        {
                            "name": "fileName",
                            "type": "QString"
                        },
                        {
                            "name": "baudRate",
                            "type": "qint32"
                        },
                        {
                            "name": "dataLenght",
                            "type": "qint32"
                        },
                        {
                            "name": "parity",
                            "type": "qint32"
                        },
                        {
                            "name": "stopBit",
                            "type": "qint32"
                        },
                        {
                            "name": "bufferSize",
                            "type": "qint32"
                        }
                    ],
                    "name": "startSlots",
                    "returnType": "void"
                },
                {
                    "access": "public",
                    "arguments": [
                        {
                            "name": "logicChannel",
                            "type": "qint32"
                        }
                    ],
                    "name": "stopSlots",
                    "returnType": "void"
                },
                {
                    "access": "public",
                    "arguments": [
                        {
                            "name": "logicChannel",
                            "type": "qint32"
                        }
                    ],
                    "name": "restartSlot",
                    "returnType": "void"
                },
                {
                    "access": "public",
                    "name": "readSerialSlots",
                    "returnType": "void"
                },
                {
                    "access": "public",
                    "arguments": [
                        {
                            "name": "logicChannel",
                            "type": "qint32"
                        },
                        {
                            "name": "sendData",
                            "type": "QString"
                        }
                    ],
                    "name": "writeSerialSlots",
                    "returnType": "void"
                },
                {
                    "access": "public",
                    "name": "getPortNameSlot",
                    "returnType": "void"
                },
                {
                    "access": "public",
                    "arguments": [
                        {
                            "name": "logicChannel",
                            "type": "qint32"
                        }
                    ],
                    "name": "getProtocol",
                    "returnType": "void"
                },
                {
                    "access": "public",
                    "arguments": [
                        {
                            "name": "logicChannel",
                            "type": "qint32"
                        },
                        {
                            "name": "protocol",
                            "type": "qint32"
                        }
                    ],
                    "name": "setProtocol",
                    "returnType": "void"
                },
                {
                    "access": "public",
                    "arguments": [
                        {
                            "name": "logicChannel",
                            "type": "qint32"
                        }
                    ],
                    "name": "getSerialStatus",
                    "returnType": "void"
                },
                {
                    "access": "public",
                    "name": "getStringDataInSlot",
                    "returnType": "void"
                },
                {
                    "access": "public",
                    "name": "clrStringDataInSlot",
                    "returnType": "void"
                },
                {
                    "access": "public",
                    "arguments": [
                        {
                            "name": "nlTimeEn",
                            "type": "bool"
                        }
                    ],
                    "name": "setNlTime",
                    "returnType": "void"
                },
                {
                    "access": "public",
                    "arguments": [
                        {
                            "name": "termTimeEn",
                            "type": "bool"
                        }
                    ],
                    "name": "setTermTime",
                    "returnType": "void"
                },
                {
                    "access": "public",
                    "arguments": [
                        {
                            "name": "termLCEn",
                            "type": "bool"
                        }
                    ],
                    "name": "setTermLC",
                    "returnType": "void"
                },
                {
                    "access": "public",
                    "arguments": [
                        {
                            "name": "termPausedEn",
                            "type": "bool"
                        }
                    ],
                    "name": "setTermPaused",
                    "returnType": "void"
                },
                {
                    "access": "public",
                    "arguments": [
                        {
                            "name": "incCnt",
                            "type": "bool"
                        }
                    ],
                    "name": "getTermLastMsgSlot",
                    "returnType": "void"
                },
                {
                    "access": "public",
                    "arguments": [
                        {
                            "name": "logicChannel",
                            "type": "qint32"
                        },
                        {
                            "name": "nameReg",
                            "type": "QString"
                        },
                        {
                            "name": "regAddress",
                            "type": "QString"
                        },
                        {
                            "name": "nodeId",
                            "type": "QString"
                        },
                        {
                            "name": "uartId",
                            "type": "QString"
                        },
                        {
                            "name": "len",
                            "type": "QString"
                        },
                        {
                            "name": "offset",
                            "type": "QString"
                        }
                    ],
                    "name": "sendRCRS",
                    "returnType": "void"
                },
                {
                    "access": "public",
                    "arguments": [
                        {
                            "name": "logicChannel",
                            "type": "qint32"
                        },
                        {
                            "name": "valueType",
                            "type": "QString"
                        },
                        {
                            "name": "nameReg",
                            "type": "QString"
                        },
                        {
                            "name": "sentValue",
                            "type": "QString"
                        },
                        {
                            "name": "regAddress",
                            "type": "QString"
                        },
                        {
                            "name": "nodeId",
                            "type": "QString"
                        },
                        {
                            "name": "uartId",
                            "type": "QString"
                        },
                        {
                            "name": "len",
                            "type": "QString"
                        },
                        {
                            "name": "offset",
                            "type": "QString"
                        },
                        {
                            "name": "mulValue",
                            "type": "QString"
                        }
                    ],
                    "name": "sendSCRS",
                    "returnType": "void"
                },
                {
                    "access": "public",
                    "arguments": [
                        {
                            "name": "logicChannel",
                            "type": "qint32"
                        },
                        {
                            "name": "timeoutStr",
                            "type": "QString"
                        }
                    ],
                    "name": "setTimeOut",
                    "returnType": "void"
                },
                {
                    "access": "public",
                    "arguments": [
                        {
                            "name": "logicChannelNum",
                            "type": "qint32"
                        }
                    ],
                    "name": "timeOutModBus",
                    "returnType": "void"
                },
                {
                    "access": "public",
                    "arguments": [
                        {
                            "name": "logicChannelNum",
                            "type": "qint32"
                        }
                    ],
                    "name": "timeOutSCPI",
                    "returnType": "void"
                },
                {
                    "access": "public",
                    "arguments": [
                        {
                            "name": "logicChannel",
                            "type": "qint32"
                        }
                    ],
                    "name": "setNumOfSerial",
                    "returnType": "void"
                },
                {
                    "access": "public",
                    "name": "getNumOfSerial",
                    "returnType": "void"
                },
                {
                    "access": "public",
                    "arguments": [
                        {
                            "name": "logicChannel",
                            "type": "qint32"
                        }
                    ],
                    "name": "getInfoOfSerial",
                    "returnType": "void"
                },
                {
                    "access": "public",
                    "arguments": [
                        {
                            "name": "fileName",
                            "type": "QString"
                        }
                    ],
                    "name": "saveSerialLc",
                    "returnType": "void"
                },
                {
                    "access": "public",
                    "arguments": [
                        {
                            "name": "fileName",
                            "type": "QString"
                        }
                    ],
                    "name": "loadSerialLc",
                    "returnType": "void"
                },
                {
                    "access": "public",
                    "name": "closeAllSerial",
                    "returnType": "void"
                }
            ],
            "superClasses": [
                {
                    "access": "public",
                    "name": "QObject"
                }
            ]
        }
    ],
    "inputFile": "serialthread.h",
    "outputRevision": 67
}
