{
    "classes": [
        {
            "classInfos": [
                {
                    "name": "QML.Element",
                    "value": "auto"
                }
            ],
            "className": "Graph",
            "object": true,
            "qualifiedClassName": "Graph",
            "slots": [
                {
                    "access": "public",
                    "arguments": [
                        {
                            "name": "maxlLine",
                            "type": "qint32"
                        }
                    ],
                    "name": "setMaxLine",
                    "returnType": "void"
                },
                {
                    "access": "public",
                    "arguments": [
                        {
                            "name": "value",
                            "type": "QList<qreal>"
                        }
                    ],
                    "name": "appendSample",
                    "returnType": "void"
                },
                {
                    "access": "public",
                    "name": "removeFirstSample",
                    "returnType": "void"
                },
                {
                    "access": "public",
                    "arguments": [
                        {
                            "name": "cntOfRemoved",
                            "type": "qint32"
                        }
                    ],
                    "name": "removeSamples",
                    "returnType": "void"
                },
                {
                    "access": "public",
                    "arguments": [
                        {
                            "name": "gridSize",
                            "type": "qint32"
                        },
                        {
                            "name": "disGrid",
                            "type": "bool"
                        },
                        {
                            "name": "disBck",
                            "type": "bool"
                        }
                    ],
                    "name": "updateGraph",
                    "returnType": "void"
                },
                {
                    "access": "public",
                    "name": "updateArea",
                    "returnType": "void"
                }
            ],
            "superClasses": [
                {
                    "access": "public",
                    "name": "QQuickItem"
                }
            ]
        }
    ],
    "inputFile": "graph.h",
    "outputRevision": 67
}
