{
    "classes": [
        {
            "className": "DataViewList",
            "object": true,
            "qualifiedClassName": "DataViewList",
            "signals": [
                {
                    "access": "public",
                    "name": "preItemAppended",
                    "returnType": "void"
                },
                {
                    "access": "public",
                    "name": "postItemAppended",
                    "returnType": "void"
                },
                {
                    "access": "public",
                    "arguments": [
                        {
                            "name": "index",
                            "type": "int"
                        }
                    ],
                    "name": "preItemRemoved",
                    "returnType": "void"
                },
                {
                    "access": "public",
                    "name": "postItemRemoved",
                    "returnType": "void"
                },
                {
                    "access": "public",
                    "arguments": [
                        {
                            "name": "index",
                            "type": "int"
                        },
                        {
                            "name": "value",
                            "type": "QVariant"
                        },
                        {
                            "name": "role",
                            "type": "quint32"
                        }
                    ],
                    "name": "setItemData",
                    "returnType": "void"
                },
                {
                    "access": "public",
                    "arguments": [
                        {
                            "name": "index",
                            "type": "int"
                        }
                    ],
                    "name": "itemQmlRemoved",
                    "returnType": "void"
                },
                {
                    "access": "public",
                    "arguments": [
                        {
                            "name": "logicChannel",
                            "type": "qint32"
                        },
                        {
                            "name": "regName",
                            "type": "QString"
                        },
                        {
                            "name": "regAddress",
                            "type": "QString"
                        },
                        {
                            "name": "nodeId",
                            "type": "QString"
                        },
                        {
                            "name": "uartId",
                            "type": "QString"
                        },
                        {
                            "name": "len",
                            "type": "QString"
                        },
                        {
                            "name": "offset",
                            "type": "QString"
                        }
                    ],
                    "name": "sendRcrsSignal",
                    "returnType": "void"
                },
                {
                    "access": "public",
                    "arguments": [
                        {
                            "name": "logicChannel",
                            "type": "qint32"
                        },
                        {
                            "name": "valueType",
                            "type": "QString"
                        },
                        {
                            "name": "nameReg",
                            "type": "QString"
                        },
                        {
                            "name": "sentValue",
                            "type": "QString"
                        },
                        {
                            "name": "regAddress",
                            "type": "QString"
                        },
                        {
                            "name": "nodeId",
                            "type": "QString"
                        },
                        {
                            "name": "uartId",
                            "type": "QString"
                        },
                        {
                            "name": "len",
                            "type": "QString"
                        },
                        {
                            "name": "offset",
                            "type": "QString"
                        },
                        {
                            "name": "mulValue",
                            "type": "QString"
                        }
                    ],
                    "name": "sendScrsSignal",
                    "returnType": "void"
                },
                {
                    "access": "public",
                    "name": "refreshItem",
                    "returnType": "void"
                },
                {
                    "access": "public",
                    "arguments": [
                        {
                            "name": "group",
                            "type": "QVector<GroupViewItem>*"
                        }
                    ],
                    "name": "setGroup",
                    "returnType": "void"
                },
                {
                    "access": "public",
                    "arguments": [
                        {
                            "name": "protocolEn",
                            "type": "bool"
                        },
                        {
                            "name": "LCEn",
                            "type": "bool"
                        },
                        {
                            "name": "nameRegEn",
                            "type": "bool"
                        },
                        {
                            "name": "valueTypeEn",
                            "type": "bool"
                        },
                        {
                            "name": "minRangeEn",
                            "type": "bool"
                        },
                        {
                            "name": "maxRangeEn",
                            "type": "bool"
                        },
                        {
                            "name": "rwStatusEn",
                            "type": "bool"
                        },
                        {
                            "name": "uartIdEn",
                            "type": "bool"
                        },
                        {
                            "name": "lenEn",
                            "type": "bool"
                        },
                        {
                            "name": "offsetEn",
                            "type": "bool"
                        },
                        {
                            "name": "nodeIdEn",
                            "type": "bool"
                        },
                        {
                            "name": "regAddressEn",
                            "type": "bool"
                        }
                    ],
                    "name": "getmItemsEnViewSignal",
                    "returnType": "void"
                },
                {
                    "access": "public",
                    "arguments": [
                        {
                            "name": "page",
                            "type": "qint32"
                        },
                        {
                            "name": "point",
                            "type": "qint32"
                        },
                        {
                            "name": "item",
                            "type": "DataViewItem*"
                        }
                    ],
                    "name": "getSelItem",
                    "returnType": "void"
                },
                {
                    "access": "public",
                    "arguments": [
                        {
                            "name": "currentIndex",
                            "type": "qint32"
                        },
                        {
                            "name": "row",
                            "type": "quint32"
                        }
                    ],
                    "name": "setVauleType",
                    "returnType": "void"
                },
                {
                    "access": "public",
                    "arguments": [
                        {
                            "name": "currentIndex",
                            "type": "quint32"
                        },
                        {
                            "name": "row",
                            "type": "quint32"
                        }
                    ],
                    "name": "setOffset",
                    "returnType": "void"
                },
                {
                    "access": "public",
                    "arguments": [
                        {
                            "name": "currentIndex",
                            "type": "quint32"
                        },
                        {
                            "name": "row",
                            "type": "quint32"
                        }
                    ],
                    "name": "setRwStatus",
                    "returnType": "void"
                },
                {
                    "access": "public",
                    "arguments": [
                        {
                            "name": "currentIndex",
                            "type": "quint32"
                        },
                        {
                            "name": "row",
                            "type": "quint32"
                        }
                    ],
                    "name": "setProtocol",
                    "returnType": "void"
                },
                {
                    "access": "public",
                    "arguments": [
                        {
                            "name": "currentIndex",
                            "type": "quint32"
                        },
                        {
                            "name": "row",
                            "type": "quint32"
                        }
                    ],
                    "name": "setLC",
                    "returnType": "void"
                },
                {
                    "access": "public",
                    "arguments": [
                        {
                            "name": "row",
                            "type": "qint32"
                        },
                        {
                            "name": "value",
                            "type": "bool"
                        }
                    ],
                    "name": "toggleSetSignal",
                    "returnType": "void"
                },
                {
                    "access": "public",
                    "arguments": [
                        {
                            "name": "row",
                            "type": "qint32"
                        },
                        {
                            "name": "defValue",
                            "type": "QString"
                        }
                    ],
                    "name": "getDefaultValueSignal",
                    "returnType": "void"
                },
                {
                    "access": "public",
                    "arguments": [
                        {
                            "name": "row",
                            "type": "qint32"
                        },
                        {
                            "name": "desc",
                            "type": "QString"
                        }
                    ],
                    "name": "getDescriptionSignal",
                    "returnType": "void"
                },
                {
                    "access": "public",
                    "arguments": [
                        {
                            "name": "row",
                            "type": "qint32"
                        }
                    ],
                    "name": "refreshRow",
                    "returnType": "void"
                },
                {
                    "access": "public",
                    "arguments": [
                        {
                            "name": "row",
                            "type": "qint32"
                        }
                    ],
                    "name": "selRow",
                    "returnType": "void"
                },
                {
                    "access": "public",
                    "arguments": [
                        {
                            "name": "row",
                            "type": "qint32"
                        }
                    ],
                    "name": "deselRow",
                    "returnType": "void"
                },
                {
                    "access": "public",
                    "arguments": [
                        {
                            "name": "reg",
                            "type": "QString"
                        },
                        {
                            "name": "page",
                            "type": "qint32"
                        },
                        {
                            "name": "len",
                            "type": "qint32"
                        },
                        {
                            "name": "point",
                            "type": "qint32"
                        }
                    ],
                    "name": "getLenSignal",
                    "returnType": "void"
                },
                {
                    "access": "public",
                    "arguments": [
                        {
                            "name": "reg",
                            "type": "QString"
                        },
                        {
                            "name": "page",
                            "type": "qint32"
                        },
                        {
                            "name": "min",
                            "type": "qint32"
                        },
                        {
                            "name": "max",
                            "type": "qint32"
                        },
                        {
                            "name": "point",
                            "type": "qint32"
                        }
                    ],
                    "name": "getRangeSignal",
                    "returnType": "void"
                },
                {
                    "access": "public",
                    "arguments": [
                        {
                            "name": "logicChannel",
                            "type": "QString"
                        },
                        {
                            "name": "protocol",
                            "type": "QString"
                        }
                    ],
                    "name": "setNewDataToLC",
                    "returnType": "void"
                },
                {
                    "access": "public",
                    "arguments": [
                        {
                            "name": "logicChannel",
                            "type": "qint32"
                        },
                        {
                            "name": "protocol",
                            "type": "QString"
                        }
                    ],
                    "name": "changeProtocolToLC",
                    "returnType": "void"
                },
                {
                    "access": "public",
                    "arguments": [
                        {
                            "name": "idList",
                            "type": "QStringList"
                        }
                    ],
                    "name": "getIdRegSignal",
                    "returnType": "void"
                }
            ],
            "slots": [
                {
                    "access": "public",
                    "arguments": [
                        {
                            "name": "lc",
                            "type": "QString"
                        },
                        {
                            "name": "row",
                            "type": "qint32"
                        }
                    ],
                    "name": "appendItem",
                    "returnType": "void"
                },
                {
                    "access": "public",
                    "arguments": [
                        {
                            "name": "deleteAll",
                            "type": "bool"
                        }
                    ],
                    "name": "removeCompletedItems",
                    "returnType": "void"
                },
                {
                    "access": "public",
                    "name": "upSelItem",
                    "returnType": "void"
                },
                {
                    "access": "public",
                    "name": "downSelItem",
                    "returnType": "void"
                },
                {
                    "access": "public",
                    "name": "regroupItem",
                    "returnType": "void"
                },
                {
                    "access": "public",
                    "arguments": [
                        {
                            "name": "enVal",
                            "type": "bool"
                        },
                        {
                            "name": "num",
                            "type": "qint32"
                        }
                    ],
                    "name": "editItemViewEn",
                    "returnType": "void"
                },
                {
                    "access": "public",
                    "arguments": [
                        {
                            "name": "row",
                            "type": "qint32"
                        },
                        {
                            "name": "input",
                            "type": "QString"
                        }
                    ],
                    "name": "editItemSent",
                    "returnType": "void"
                },
                {
                    "access": "public",
                    "arguments": [
                        {
                            "name": "row",
                            "type": "qint32"
                        },
                        {
                            "name": "input",
                            "type": "bool"
                        }
                    ],
                    "name": "editItemSet",
                    "returnType": "void"
                },
                {
                    "access": "public",
                    "arguments": [
                        {
                            "name": "input",
                            "type": "bool"
                        }
                    ],
                    "name": "editItemSetAll",
                    "returnType": "void"
                },
                {
                    "access": "public",
                    "arguments": [
                        {
                            "name": "row",
                            "type": "qint32"
                        },
                        {
                            "name": "input",
                            "type": "QString"
                        }
                    ],
                    "name": "editItemMulValue",
                    "returnType": "void"
                },
                {
                    "access": "public",
                    "arguments": [
                        {
                            "name": "row",
                            "type": "qint32"
                        },
                        {
                            "name": "column",
                            "type": "qint32"
                        },
                        {
                            "name": "input",
                            "type": "QString"
                        }
                    ],
                    "name": "editItemNewProject",
                    "returnType": "void"
                },
                {
                    "access": "public",
                    "arguments": [
                        {
                            "name": "logicChannel",
                            "type": "QString"
                        },
                        {
                            "name": "protocol",
                            "type": "QString"
                        }
                    ],
                    "name": "editItemProtocolChanged",
                    "returnType": "void"
                },
                {
                    "access": "public",
                    "arguments": [
                        {
                            "name": "fileSource",
                            "type": "QString"
                        }
                    ],
                    "name": "saveItemToFile",
                    "returnType": "void"
                },
                {
                    "access": "public",
                    "arguments": [
                        {
                            "name": "fileSource",
                            "type": "QString"
                        },
                        {
                            "name": "logicChannel",
                            "type": "QString"
                        },
                        {
                            "name": "protocol",
                            "type": "QString"
                        },
                        {
                            "name": "openProject",
                            "type": "bool"
                        }
                    ],
                    "name": "loadItemToFile",
                    "returnType": "void"
                },
                {
                    "access": "public",
                    "arguments": [
                        {
                            "name": "fileSource",
                            "type": "QString"
                        }
                    ],
                    "name": "saveReadData",
                    "returnType": "void"
                },
                {
                    "access": "public",
                    "arguments": [
                        {
                            "name": "fileSource",
                            "type": "QString"
                        }
                    ],
                    "name": "loadSendData",
                    "returnType": "void"
                },
                {
                    "access": "public",
                    "name": "sendSelected",
                    "returnType": "void"
                },
                {
                    "access": "public",
                    "name": "sendAll",
                    "returnType": "void"
                },
                {
                    "access": "public",
                    "name": "writeSelected",
                    "returnType": "void"
                },
                {
                    "access": "public",
                    "name": "writeAll",
                    "returnType": "void"
                },
                {
                    "access": "public",
                    "arguments": [
                        {
                            "name": "adamPacekt",
                            "type": "DATA_UART_ADAM_PACKET*"
                        }
                    ],
                    "name": "saveRequestAdam",
                    "returnType": "void"
                },
                {
                    "access": "public",
                    "arguments": [
                        {
                            "name": "modBusPacket",
                            "type": "MODBUS_RX_STRUCT*"
                        },
                        {
                            "name": "logicChannel",
                            "type": "QString"
                        }
                    ],
                    "name": "saveRequestModBus",
                    "returnType": "void"
                },
                {
                    "access": "public",
                    "arguments": [
                        {
                            "name": "SCPIdata",
                            "type": "QString"
                        },
                        {
                            "name": "logicChannel",
                            "type": "QString"
                        },
                        {
                            "name": "regName",
                            "type": "QString"
                        }
                    ],
                    "name": "saveRequestSCPI",
                    "returnType": "void"
                },
                {
                    "access": "public",
                    "arguments": [
                        {
                            "name": "page",
                            "type": "qint32"
                        },
                        {
                            "name": "point",
                            "type": "qint32"
                        },
                        {
                            "name": "regName",
                            "type": "QString"
                        }
                    ],
                    "name": "setSelItem",
                    "returnType": "void"
                },
                {
                    "access": "public",
                    "arguments": [
                        {
                            "name": "regAddress",
                            "type": "QString"
                        }
                    ],
                    "name": "getIndexOfReg",
                    "returnType": "void"
                },
                {
                    "access": "public",
                    "arguments": [
                        {
                            "name": "row",
                            "type": "quint32"
                        }
                    ],
                    "name": "getValueType",
                    "returnType": "void"
                },
                {
                    "access": "public",
                    "arguments": [
                        {
                            "name": "row",
                            "type": "quint32"
                        }
                    ],
                    "name": "getOffset",
                    "returnType": "void"
                },
                {
                    "access": "public",
                    "arguments": [
                        {
                            "name": "row",
                            "type": "qint32"
                        }
                    ],
                    "name": "getRwStatus",
                    "returnType": "void"
                },
                {
                    "access": "public",
                    "arguments": [
                        {
                            "name": "row",
                            "type": "qint32"
                        }
                    ],
                    "name": "getProtocol",
                    "returnType": "void"
                },
                {
                    "access": "public",
                    "arguments": [
                        {
                            "name": "row",
                            "type": "qint32"
                        }
                    ],
                    "name": "getLc",
                    "returnType": "void"
                },
                {
                    "access": "public",
                    "arguments": [
                        {
                            "name": "row",
                            "type": "qint32"
                        }
                    ],
                    "name": "setPropRegName",
                    "returnType": "void"
                },
                {
                    "access": "public",
                    "arguments": [
                        {
                            "name": "row",
                            "type": "qint32"
                        }
                    ],
                    "name": "setGroupRegName",
                    "returnType": "void"
                },
                {
                    "access": "public",
                    "arguments": [
                        {
                            "name": "row",
                            "type": "qint32"
                        },
                        {
                            "name": "set",
                            "type": "bool"
                        }
                    ],
                    "name": "setSetReg",
                    "returnType": "void"
                },
                {
                    "access": "public",
                    "arguments": [
                        {
                            "name": "row",
                            "type": "qint32"
                        }
                    ],
                    "name": "toggleSet",
                    "returnType": "void"
                },
                {
                    "access": "public",
                    "arguments": [
                        {
                            "name": "logicChannel",
                            "type": "QString"
                        },
                        {
                            "name": "protocol",
                            "type": "QString"
                        }
                    ],
                    "name": "setNewDataToLCSlot",
                    "returnType": "void"
                },
                {
                    "access": "public",
                    "arguments": [
                        {
                            "name": "logicChannel",
                            "type": "qint32"
                        },
                        {
                            "name": "protocol",
                            "type": "QString"
                        }
                    ],
                    "name": "changeProtocolToLCSlot",
                    "returnType": "void"
                },
                {
                    "access": "public",
                    "arguments": [
                        {
                            "name": "row",
                            "type": "qint32"
                        }
                    ],
                    "name": "getDefaultValueSlot",
                    "returnType": "void"
                },
                {
                    "access": "public",
                    "arguments": [
                        {
                            "name": "row",
                            "type": "qint32"
                        }
                    ],
                    "name": "getDescriptionSlot",
                    "returnType": "void"
                },
                {
                    "access": "public",
                    "arguments": [
                        {
                            "name": "page",
                            "type": "qint32"
                        },
                        {
                            "name": "regName",
                            "type": "QString"
                        },
                        {
                            "name": "point",
                            "type": "qint32"
                        }
                    ],
                    "name": "getLenSlot",
                    "returnType": "void"
                },
                {
                    "access": "public",
                    "arguments": [
                        {
                            "name": "page",
                            "type": "qint32"
                        },
                        {
                            "name": "regName",
                            "type": "QString"
                        },
                        {
                            "name": "point",
                            "type": "qint32"
                        }
                    ],
                    "name": "getRangeSlot",
                    "returnType": "void"
                },
                {
                    "access": "public",
                    "name": "getmItemsEnViewSlot",
                    "returnType": "void"
                },
                {
                    "access": "public",
                    "arguments": [
                        {
                            "name": "position",
                            "type": "qint32"
                        },
                        {
                            "name": "value",
                            "type": "qint32"
                        }
                    ],
                    "name": "rowChanged",
                    "returnType": "void"
                },
                {
                    "access": "public",
                    "arguments": [
                        {
                            "name": "position",
                            "type": "qint32"
                        }
                    ],
                    "name": "rowDeleted",
                    "returnType": "void"
                },
                {
                    "access": "public",
                    "arguments": [
                        {
                            "name": "logicChannel",
                            "type": "QString"
                        },
                        {
                            "name": "nameReg",
                            "type": "QString"
                        }
                    ],
                    "name": "getIdReg",
                    "returnType": "void"
                }
            ],
            "superClasses": [
                {
                    "access": "public",
                    "name": "QObject"
                }
            ]
        }
    ],
    "inputFile": "DataViewList.h",
    "outputRevision": 67
}
