{
    "classes": [
        {
            "className": "pythonScripting",
            "object": true,
            "qualifiedClassName": "pythonScripting",
            "signals": [
                {
                    "access": "public",
                    "arguments": [
                        {
                            "name": "name",
                            "type": "qint32"
                        },
                        {
                            "name": "page",
                            "type": "qint32"
                        },
                        {
                            "name": "status",
                            "type": "bool"
                        }
                    ],
                    "name": "endScriptSuccess",
                    "returnType": "void"
                }
            ],
            "slots": [
                {
                    "access": "public",
                    "arguments": [
                        {
                            "name": "name",
                            "type": "QString"
                        },
                        {
                            "name": "page",
                            "type": "QString"
                        },
                        {
                            "name": "script",
                            "type": "QString"
                        }
                    ],
                    "name": "saveToLocalSlot",
                    "returnType": "void"
                }
            ],
            "superClasses": [
                {
                    "access": "public",
                    "name": "QObject"
                }
            ]
        }
    ],
    "inputFile": "pythonscripting.h",
    "outputRevision": 67
}
