{
    "classes": [
        {
            "className": "DataViewModel",
            "object": true,
            "properties": [
                {
                    "constant": false,
                    "designable": true,
                    "final": false,
                    "name": "list",
                    "read": "list",
                    "required": false,
                    "scriptable": true,
                    "stored": true,
                    "type": "DataViewList*",
                    "user": false,
                    "write": "setList"
                }
            ],
            "qualifiedClassName": "DataViewModel",
            "slots": [
                {
                    "access": "public",
                    "arguments": [
                        {
                            "name": "index",
                            "type": "qint32"
                        },
                        {
                            "name": "value",
                            "type": "QVariant"
                        },
                        {
                            "name": "role",
                            "type": "quint32"
                        }
                    ],
                    "name": "changeData",
                    "returnType": "void"
                }
            ],
            "superClasses": [
                {
                    "access": "public",
                    "name": "QAbstractListModel"
                }
            ]
        }
    ],
    "inputFile": "DataViewModel.h",
    "outputRevision": 67
}
