{
    "classes": [
        {
            "className": "RadialBar",
            "enums": [
                {
                    "isClass": false,
                    "isFlag": false,
                    "name": "DialType",
                    "values": [
                        "FullDial",
                        "MinToMax",
                        "NoDial"
                    ]
                }
            ],
            "object": true,
            "properties": [
                {
                    "constant": false,
                    "designable": true,
                    "final": false,
                    "name": "size",
                    "notify": "sizeChanged",
                    "read": "getSize",
                    "required": false,
                    "scriptable": true,
                    "stored": true,
                    "type": "qreal",
                    "user": false,
                    "write": "setSize"
                },
                {
                    "constant": false,
                    "designable": true,
                    "final": false,
                    "name": "startAngle",
                    "notify": "startAngleChanged",
                    "read": "getStartAngle",
                    "required": false,
                    "scriptable": true,
                    "stored": true,
                    "type": "qreal",
                    "user": false,
                    "write": "setStartAngle"
                },
                {
                    "constant": false,
                    "designable": true,
                    "final": false,
                    "name": "spanAngle",
                    "notify": "spanAngleChanged",
                    "read": "getSpanAngle",
                    "required": false,
                    "scriptable": true,
                    "stored": true,
                    "type": "qreal",
                    "user": false,
                    "write": "setSpanAngle"
                },
                {
                    "constant": false,
                    "designable": true,
                    "final": false,
                    "name": "minValue",
                    "notify": "minValueChanged",
                    "read": "getMinValue",
                    "required": false,
                    "scriptable": true,
                    "stored": true,
                    "type": "qreal",
                    "user": false,
                    "write": "setMinValue"
                },
                {
                    "constant": false,
                    "designable": true,
                    "final": false,
                    "name": "maxValue",
                    "notify": "maxValueChanged",
                    "read": "getMaxValue",
                    "required": false,
                    "scriptable": true,
                    "stored": true,
                    "type": "qreal",
                    "user": false,
                    "write": "setMaxValue"
                },
                {
                    "constant": false,
                    "designable": true,
                    "final": false,
                    "name": "value",
                    "notify": "valueChanged",
                    "read": "getValue",
                    "required": false,
                    "scriptable": true,
                    "stored": true,
                    "type": "qreal",
                    "user": false,
                    "write": "setValue"
                },
                {
                    "constant": false,
                    "designable": true,
                    "final": false,
                    "name": "dialWidth",
                    "notify": "dialWidthChanged",
                    "read": "getDialWidth",
                    "required": false,
                    "scriptable": true,
                    "stored": true,
                    "type": "int",
                    "user": false,
                    "write": "setDialWidth"
                },
                {
                    "constant": false,
                    "designable": true,
                    "final": false,
                    "name": "backgroundColor",
                    "notify": "backgroundColorChanged",
                    "read": "getBackgroundColor",
                    "required": false,
                    "scriptable": true,
                    "stored": true,
                    "type": "QColor",
                    "user": false,
                    "write": "setBackgroundColor"
                },
                {
                    "constant": false,
                    "designable": true,
                    "final": false,
                    "name": "foregroundColor",
                    "notify": "foregroundColorChanged",
                    "read": "getForegroundColor",
                    "required": false,
                    "scriptable": true,
                    "stored": true,
                    "type": "QColor",
                    "user": false,
                    "write": "setForegroundColor"
                },
                {
                    "constant": false,
                    "designable": true,
                    "final": false,
                    "name": "progressColor",
                    "notify": "progressColorChanged",
                    "read": "getProgressColor",
                    "required": false,
                    "scriptable": true,
                    "stored": true,
                    "type": "QColor",
                    "user": false,
                    "write": "setProgressColor"
                },
                {
                    "constant": false,
                    "designable": true,
                    "final": false,
                    "name": "textColor",
                    "notify": "textColorChanged",
                    "read": "getTextColor",
                    "required": false,
                    "scriptable": true,
                    "stored": true,
                    "type": "QColor",
                    "user": false,
                    "write": "setTextColor"
                },
                {
                    "constant": false,
                    "designable": true,
                    "final": false,
                    "name": "suffixText",
                    "notify": "suffixTextChanged",
                    "read": "getSuffixText",
                    "required": false,
                    "scriptable": true,
                    "stored": true,
                    "type": "QString",
                    "user": false,
                    "write": "setSuffixText"
                },
                {
                    "constant": false,
                    "designable": true,
                    "final": false,
                    "name": "showText",
                    "read": "isShowText",
                    "required": false,
                    "scriptable": true,
                    "stored": true,
                    "type": "bool",
                    "user": false,
                    "write": "setShowText"
                },
                {
                    "constant": false,
                    "designable": true,
                    "final": false,
                    "name": "penStyle",
                    "notify": "penStyleChanged",
                    "read": "getPenStyle",
                    "required": false,
                    "scriptable": true,
                    "stored": true,
                    "type": "Qt::PenCapStyle",
                    "user": false,
                    "write": "setPenStyle"
                },
                {
                    "constant": false,
                    "designable": true,
                    "final": false,
                    "name": "dialType",
                    "notify": "dialTypeChanged",
                    "read": "getDialType",
                    "required": false,
                    "scriptable": true,
                    "stored": true,
                    "type": "DialType",
                    "user": false,
                    "write": "setDialType"
                },
                {
                    "constant": false,
                    "designable": true,
                    "final": false,
                    "name": "textFont",
                    "notify": "textFontChanged",
                    "read": "getTextFont",
                    "required": false,
                    "scriptable": true,
                    "stored": true,
                    "type": "QFont",
                    "user": false,
                    "write": "setTextFont"
                }
            ],
            "qualifiedClassName": "RadialBar",
            "signals": [
                {
                    "access": "public",
                    "name": "sizeChanged",
                    "returnType": "void"
                },
                {
                    "access": "public",
                    "name": "startAngleChanged",
                    "returnType": "void"
                },
                {
                    "access": "public",
                    "name": "spanAngleChanged",
                    "returnType": "void"
                },
                {
                    "access": "public",
                    "name": "minValueChanged",
                    "returnType": "void"
                },
                {
                    "access": "public",
                    "name": "maxValueChanged",
                    "returnType": "void"
                },
                {
                    "access": "public",
                    "name": "valueChanged",
                    "returnType": "void"
                },
                {
                    "access": "public",
                    "name": "dialWidthChanged",
                    "returnType": "void"
                },
                {
                    "access": "public",
                    "name": "backgroundColorChanged",
                    "returnType": "void"
                },
                {
                    "access": "public",
                    "name": "foregroundColorChanged",
                    "returnType": "void"
                },
                {
                    "access": "public",
                    "name": "progressColorChanged",
                    "returnType": "void"
                },
                {
                    "access": "public",
                    "name": "textColorChanged",
                    "returnType": "void"
                },
                {
                    "access": "public",
                    "name": "suffixTextChanged",
                    "returnType": "void"
                },
                {
                    "access": "public",
                    "name": "penStyleChanged",
                    "returnType": "void"
                },
                {
                    "access": "public",
                    "name": "dialTypeChanged",
                    "returnType": "void"
                },
                {
                    "access": "public",
                    "name": "textFontChanged",
                    "returnType": "void"
                }
            ],
            "superClasses": [
                {
                    "access": "public",
                    "name": "QQuickPaintedItem"
                }
            ]
        }
    ],
    "inputFile": "radialbar.h",
    "outputRevision": 67
}
