{
    "classes": [
        {
            "className": "terminalT",
            "object": true,
            "qualifiedClassName": "terminalT",
            "signals": [
                {
                    "access": "public",
                    "arguments": [
                        {
                            "name": "colVal",
                            "type": "qint32"
                        }
                    ],
                    "name": "getRadialCol",
                    "returnType": "void"
                },
                {
                    "access": "public",
                    "arguments": [
                        {
                            "name": "time",
                            "type": "bool"
                        },
                        {
                            "name": "lctx",
                            "type": "bool"
                        },
                        {
                            "name": "nl",
                            "type": "bool"
                        },
                        {
                            "name": "echo",
                            "type": "bool"
                        },
                        {
                            "name": "cr",
                            "type": "bool"
                        },
                        {
                            "name": "lf",
                            "type": "bool"
                        },
                        {
                            "name": "lcrx",
                            "type": "qint32"
                        }
                    ],
                    "name": "getTogle",
                    "returnType": "void"
                },
                {
                    "access": "public",
                    "arguments": [
                        {
                            "name": "dataIn",
                            "type": "QString"
                        }
                    ],
                    "name": "getDataInTerm",
                    "returnType": "void"
                }
            ],
            "slots": [
                {
                    "access": "public",
                    "arguments": [
                        {
                            "name": "colVal",
                            "type": "qint32"
                        }
                    ],
                    "name": "setRadialCol",
                    "returnType": "void"
                },
                {
                    "access": "public",
                    "arguments": [
                        {
                            "name": "time",
                            "type": "bool"
                        }
                    ],
                    "name": "setTime",
                    "returnType": "void"
                },
                {
                    "access": "public",
                    "arguments": [
                        {
                            "name": "lctx",
                            "type": "bool"
                        }
                    ],
                    "name": "setLctx",
                    "returnType": "void"
                },
                {
                    "access": "public",
                    "arguments": [
                        {
                            "name": "echo",
                            "type": "bool"
                        }
                    ],
                    "name": "setEcho",
                    "returnType": "void"
                },
                {
                    "access": "public",
                    "arguments": [
                        {
                            "name": "nl",
                            "type": "bool"
                        }
                    ],
                    "name": "setNl",
                    "returnType": "void"
                },
                {
                    "access": "public",
                    "arguments": [
                        {
                            "name": "cr",
                            "type": "bool"
                        }
                    ],
                    "name": "setCr",
                    "returnType": "void"
                },
                {
                    "access": "public",
                    "arguments": [
                        {
                            "name": "lf",
                            "type": "bool"
                        }
                    ],
                    "name": "setLf",
                    "returnType": "void"
                },
                {
                    "access": "public",
                    "arguments": [
                        {
                            "name": "lcrx",
                            "type": "qint32"
                        }
                    ],
                    "name": "setLcrx",
                    "returnType": "void"
                },
                {
                    "access": "public",
                    "arguments": [
                        {
                            "name": "dataIn",
                            "type": "QString"
                        }
                    ],
                    "name": "setDataInTerm",
                    "returnType": "void"
                },
                {
                    "access": "public",
                    "name": "clearDataInTerm",
                    "returnType": "void"
                },
                {
                    "access": "public",
                    "name": "onTerminalComplete",
                    "returnType": "void"
                }
            ],
            "superClasses": [
                {
                    "access": "public",
                    "name": "QObject"
                }
            ]
        }
    ],
    "inputFile": "terminal.h",
    "outputRevision": 67
}
